affinity,aggregate_rtf,attention_implementation,audio_valid,autoregressive_generation_seconds,backend,batch_size,cache_implementation,chunk_target_seconds,codec_decode_seconds,compile_or_quantize_seconds,dedicated_gpu_peak_bytes,do_sample,dtype,engine,file_encoding_and_disk_write_seconds,first_audio_after_model_load_seconds,first_packet_reason,first_packet_seconds,first_playable_audio_seconds,frontend_decode_seconds,gemma_loaded,generated_audio_duration_seconds,gpu_engine,gpu_measurement_reason,http_response_seconds,inference_mode_used,interop_threads,longest_item_duration_seconds,mkldnn_enabled,mode,model_load_seconds,monitor_samples,non_streaming_mode,peak_cpu_percent_of_one_core,peak_rss_bytes,per_item_equivalent_rtf,priority,process_count,real_time_factor,sample_rate,shared_gpu_peak_bytes,started_at_epoch,status,synthesis_seconds,text_chars_per_item,text_normalization_seconds,threads,tokenizer_text_preparation_seconds,torch_version,total_wall_seconds,trial,waveform_construction_seconds,worker_exit_code,worker_stderr_tail
,3.3283,,True,47.5976,pytorch_cpu,1,,10,5.9203,0.0,,True,float32,qwen3_tts_custom_voice_0.6b,0.0116,53.5305,Official API returns only after full token generation and decode.,,54.9221,,True,16.08,,No Qwen GPU backend active in this CPU worker.,,True,1,16.08,True,eager,1.4025,269,True,108.6,5812895744,3.3283,normal,1,3.3283,24000,,1784033727.647545,complete,53.5189,210,0.0,1,0.0009,2.11.0+cpu,54.9337,1,0.0,0,"D:\StoryDriver\tts_engines\qwen3_tts\venv\Lib\site-packages\transformers\utils\hub.py:110: FutureWarning: Using `TRANSFORMERS_CACHE` is deprecated and will be removed in v5 of Transformers. Use `HF_HOME` instead.
  warnings.warn(
'sox' is not recognized as an internal or external command,
operable program or batch file.
SoX could not be found!

    If you do not have SoX, proceed here:
     - - - http://sox.sourceforge.net/ - - -

    If you do (or think that you should) have SoX, double-check your
    path variables.
    
Setting `pad_token_id` to `eos_token_id`:2150 for open-end generation."
,3.3831,,True,46.8768,pytorch_cpu,1,,10,5.6276,0.0,,True,float32,qwen3_tts_custom_voice_0.6b,0.0076,52.5131,Official API returns only after full token generation and decode.,,53.8671,,True,15.52,,No Qwen GPU backend active in this CPU worker.,,True,1,15.52,True,eager,1.361,264,True,108.6,5721051136,3.3831,normal,1,3.3831,24000,,1784033786.538474,complete,52.5054,210,0.0,1,0.0009,2.11.0+cpu,53.8748,2,0.0,0,"D:\StoryDriver\tts_engines\qwen3_tts\venv\Lib\site-packages\transformers\utils\hub.py:110: FutureWarning: Using `TRANSFORMERS_CACHE` is deprecated and will be removed in v5 of Transformers. Use `HF_HOME` instead.
  warnings.warn(
'sox' is not recognized as an internal or external command,
operable program or batch file.
SoX could not be found!

    If you do not have SoX, proceed here:
     - - - http://sox.sourceforge.net/ - - -

    If you do (or think that you should) have SoX, double-check your
    path variables.
    
Setting `pad_token_id` to `eos_token_id`:2150 for open-end generation."
,3.3916,,True,48.6067,pytorch_cpu,1,,10,5.9295,0.0,,True,float32,qwen3_tts_custom_voice_0.6b,0.0079,54.5451,Official API returns only after full token generation and decode.,,55.9749,,True,16.08,,No Qwen GPU backend active in this CPU worker.,,True,2,16.08,True,eager,1.4369,274,True,108.6,5758251008,3.3916,normal,1,3.3916,24000,,1784033844.3984141,complete,54.5372,210,0.0,1,0.0008,2.11.0+cpu,55.9827,1,0.0,0,"D:\StoryDriver\tts_engines\qwen3_tts\venv\Lib\site-packages\transformers\utils\hub.py:110: FutureWarning: Using `TRANSFORMERS_CACHE` is deprecated and will be removed in v5 of Transformers. Use `HF_HOME` instead.
  warnings.warn(
'sox' is not recognized as an internal or external command,
operable program or batch file.
SoX could not be found!

    If you do not have SoX, proceed here:
     - - - http://sox.sourceforge.net/ - - -

    If you do (or think that you should) have SoX, double-check your
    path variables.
    
Setting `pad_token_id` to `eos_token_id`:2150 for open-end generation."
,3.3393,,True,46.2909,pytorch_cpu,1,,10,5.5346,0.0,,True,float32,qwen3_tts_custom_voice_0.6b,0.0116,51.8383,Official API returns only after full token generation and decode.,,53.2169,,True,15.52,,No Qwen GPU backend active in this CPU worker.,,True,2,15.52,True,eager,1.3896,261,True,108.6,5722517504,3.3393,normal,1,3.3393,24000,,1784033904.4388654,complete,51.8266,210,0.0,1,0.0009,2.11.0+cpu,53.2286,2,0.0,0,"D:\StoryDriver\tts_engines\qwen3_tts\venv\Lib\site-packages\transformers\utils\hub.py:110: FutureWarning: Using `TRANSFORMERS_CACHE` is deprecated and will be removed in v5 of Transformers. Use `HF_HOME` instead.
  warnings.warn(
'sox' is not recognized as an internal or external command,
operable program or batch file.
SoX could not be found!

    If you do not have SoX, proceed here:
     - - - http://sox.sourceforge.net/ - - -

    If you do (or think that you should) have SoX, double-check your
    path variables.
    
Setting `pad_token_id` to `eos_token_id`:2150 for open-end generation."
,3.2647,,True,46.7526,pytorch_cpu,1,,10,5.7429,0.0,,True,float32,qwen3_tts_custom_voice_0.6b,0.0082,52.5046,Official API returns only after full token generation and decode.,,53.8405,,True,16.08,,No Qwen GPU backend active in this CPU worker.,,True,4,16.08,True,eager,1.3433,264,True,108.6,5787049984,3.2647,normal,1,3.2647,24000,,1784033961.659391,complete,52.4964,210,0.0,1,0.0008,2.11.0+cpu,53.8487,1,0.0,0,"D:\StoryDriver\tts_engines\qwen3_tts\venv\Lib\site-packages\transformers\utils\hub.py:110: FutureWarning: Using `TRANSFORMERS_CACHE` is deprecated and will be removed in v5 of Transformers. Use `HF_HOME` instead.
  warnings.warn(
'sox' is not recognized as an internal or external command,
operable program or batch file.
SoX could not be found!

    If you do not have SoX, proceed here:
     - - - http://sox.sourceforge.net/ - - -

    If you do (or think that you should) have SoX, double-check your
    path variables.
    
Setting `pad_token_id` to `eos_token_id`:2150 for open-end generation."
,3.3027,,True,45.7171,pytorch_cpu,1,,10,5.5389,0.0,,True,float32,qwen3_tts_custom_voice_0.6b,0.0115,51.2687,Official API returns only after full token generation and decode.,,52.6319,,True,15.52,,No Qwen GPU backend active in this CPU worker.,,True,4,15.52,True,eager,1.374,258,True,117.0,5720334336,3.3027,normal,1,3.3027,24000,,1784034019.4960582,complete,51.2571,210,0.0,1,0.0009,2.11.0+cpu,52.6435,2,0.0,0,"D:\StoryDriver\tts_engines\qwen3_tts\venv\Lib\site-packages\transformers\utils\hub.py:110: FutureWarning: Using `TRANSFORMERS_CACHE` is deprecated and will be removed in v5 of Transformers. Use `HF_HOME` instead.
  warnings.warn(
'sox' is not recognized as an internal or external command,
operable program or batch file.
SoX could not be found!

    If you do not have SoX, proceed here:
     - - - http://sox.sourceforge.net/ - - -

    If you do (or think that you should) have SoX, double-check your
    path variables.
    
Setting `pad_token_id` to `eos_token_id`:2150 for open-end generation."
,3.1567,,True,47.3762,pytorch_cpu,1,,10,3.383,0.0,,True,float32,qwen3_tts_custom_voice_0.6b,0.0079,50.7681,Official API returns only after full token generation and decode.,,51.8224,,True,16.08,,No Qwen GPU backend active in this CPU worker.,,True,1,16.08,True,eager,1.0614,255,True,217.2,5891129344,3.1567,normal,1,3.1567,24000,,1784034076.1908834,complete,50.7602,210,0.0,2,0.0009,2.11.0+cpu,51.8303,1,0.0,0,"D:\StoryDriver\tts_engines\qwen3_tts\venv\Lib\site-packages\transformers\utils\hub.py:110: FutureWarning: Using `TRANSFORMERS_CACHE` is deprecated and will be removed in v5 of Transformers. Use `HF_HOME` instead.
  warnings.warn(
'sox' is not recognized as an internal or external command,
operable program or batch file.
SoX could not be found!

    If you do not have SoX, proceed here:
     - - - http://sox.sourceforge.net/ - - -

    If you do (or think that you should) have SoX, double-check your
    path variables.
    
Setting `pad_token_id` to `eos_token_id`:2150 for open-end generation."
,3.22,,True,46.9038,pytorch_cpu,1,,10,3.0698,0.0,,True,float32,qwen3_tts_custom_voice_0.6b,0.0117,49.9865,Official API returns only after full token generation and decode.,,51.0758,,True,15.52,,No Qwen GPU backend active in this CPU worker.,,True,1,15.52,True,eager,1.1002,250,True,217.2,5816291328,3.22,normal,1,3.22,24000,,1784034132.0187922,complete,49.9748,210,0.0,2,0.001,2.11.0+cpu,51.0875,2,0.0,0,"D:\StoryDriver\tts_engines\qwen3_tts\venv\Lib\site-packages\transformers\utils\hub.py:110: FutureWarning: Using `TRANSFORMERS_CACHE` is deprecated and will be removed in v5 of Transformers. Use `HF_HOME` instead.
  warnings.warn(
'sox' is not recognized as an internal or external command,
operable program or batch file.
SoX could not be found!

    If you do not have SoX, proceed here:
     - - - http://sox.sourceforge.net/ - - -

    If you do (or think that you should) have SoX, double-check your
    path variables.
    
Setting `pad_token_id` to `eos_token_id`:2150 for open-end generation."
,3.1594,,True,47.5109,pytorch_cpu,1,,10,3.2907,0.0,,True,float32,qwen3_tts_custom_voice_0.6b,0.0076,50.8104,Official API returns only after full token generation and decode.,,51.8822,,True,16.08,,No Qwen GPU backend active in this CPU worker.,,True,2,16.08,True,eager,1.0787,254,True,223.2,5855428608,3.1594,normal,1,3.1594,24000,,1784034187.1051595,complete,50.8028,210,0.0,2,0.0009,2.11.0+cpu,51.8899,1,0.0,0,"D:\StoryDriver\tts_engines\qwen3_tts\venv\Lib\site-packages\transformers\utils\hub.py:110: FutureWarning: Using `TRANSFORMERS_CACHE` is deprecated and will be removed in v5 of Transformers. Use `HF_HOME` instead.
  warnings.warn(
'sox' is not recognized as an internal or external command,
operable program or batch file.
SoX could not be found!

    If you do not have SoX, proceed here:
     - - - http://sox.sourceforge.net/ - - -

    If you do (or think that you should) have SoX, double-check your
    path variables.
    
Setting `pad_token_id` to `eos_token_id`:2150 for open-end generation."
,3.1642,,True,46.0159,pytorch_cpu,1,,10,3.0914,0.0,,True,float32,qwen3_tts_custom_voice_0.6b,0.0075,49.1159,Official API returns only after full token generation and decode.,,50.1971,,True,15.52,,No Qwen GPU backend active in this CPU worker.,,True,2,15.52,True,eager,1.0878,246,True,217.2,5815771136,3.1642,normal,1,3.1642,24000,,1784034242.9423256,complete,49.1084,210,0.0,2,0.0009,2.11.0+cpu,50.2047,2,0.0,0,"D:\StoryDriver\tts_engines\qwen3_tts\venv\Lib\site-packages\transformers\utils\hub.py:110: FutureWarning: Using `TRANSFORMERS_CACHE` is deprecated and will be removed in v5 of Transformers. Use `HF_HOME` instead.
  warnings.warn(
'sox' is not recognized as an internal or external command,
operable program or batch file.
SoX could not be found!

    If you do not have SoX, proceed here:
     - - - http://sox.sourceforge.net/ - - -

    If you do (or think that you should) have SoX, double-check your
    path variables.
    
Setting `pad_token_id` to `eos_token_id`:2150 for open-end generation."
,3.203,,True,48.2157,pytorch_cpu,1,,10,3.2871,0.0,,True,float32,qwen3_tts_custom_voice_0.6b,0.0112,51.5151,Official API returns only after full token generation and decode.,,52.6104,,True,16.08,,No Qwen GPU backend active in this CPU worker.,,True,4,16.08,True,eager,1.1058,258,True,222.1,5863268352,3.203,normal,1,3.203,24000,,1784034297.340293,complete,51.5039,210,0.0,2,0.0009,2.11.0+cpu,52.6216,1,0.0,0,"D:\StoryDriver\tts_engines\qwen3_tts\venv\Lib\site-packages\transformers\utils\hub.py:110: FutureWarning: Using `TRANSFORMERS_CACHE` is deprecated and will be removed in v5 of Transformers. Use `HF_HOME` instead.
  warnings.warn(
'sox' is not recognized as an internal or external command,
operable program or batch file.
SoX could not be found!

    If you do not have SoX, proceed here:
     - - - http://sox.sourceforge.net/ - - -

    If you do (or think that you should) have SoX, double-check your
    path variables.
    
Setting `pad_token_id` to `eos_token_id`:2150 for open-end generation."
,3.1431,,True,45.6902,pytorch_cpu,1,,10,3.0901,0.0,,True,float32,qwen3_tts_custom_voice_0.6b,0.0077,48.789,Official API returns only after full token generation and decode.,,49.8833,,True,15.52,,No Qwen GPU backend active in this CPU worker.,,True,4,15.52,True,eager,1.1013,245,True,223.2,5826637824,3.1431,normal,1,3.1431,24000,,1784034354.027115,complete,48.7812,210,0.0,2,0.0009,2.11.0+cpu,49.8911,2,0.0,0,"D:\StoryDriver\tts_engines\qwen3_tts\venv\Lib\site-packages\transformers\utils\hub.py:110: FutureWarning: Using `TRANSFORMERS_CACHE` is deprecated and will be removed in v5 of Transformers. Use `HF_HOME` instead.
  warnings.warn(
'sox' is not recognized as an internal or external command,
operable program or batch file.
SoX could not be found!

    If you do not have SoX, proceed here:
     - - - http://sox.sourceforge.net/ - - -

    If you do (or think that you should) have SoX, double-check your
    path variables.
    
Setting `pad_token_id` to `eos_token_id`:2150 for open-end generation."
,3.1544,,True,48.6584,pytorch_cpu,1,,10,2.0627,0.0,,True,float32,qwen3_tts_custom_voice_0.6b,0.0077,50.7298,Official API returns only after full token generation and decode.,,51.7009,,True,16.08,,No Qwen GPU backend active in this CPU worker.,,True,1,16.08,True,eager,0.9781,253,True,434.5,5786783744,3.1544,normal,1,3.1544,24000,,1784034407.9483843,complete,50.7221,210,0.0,4,0.0009,2.11.0+cpu,51.7086,1,0.0,0,"D:\StoryDriver\tts_engines\qwen3_tts\venv\Lib\site-packages\transformers\utils\hub.py:110: FutureWarning: Using `TRANSFORMERS_CACHE` is deprecated and will be removed in v5 of Transformers. Use `HF_HOME` instead.
  warnings.warn(
'sox' is not recognized as an internal or external command,
operable program or batch file.
SoX could not be found!

    If you do not have SoX, proceed here:
     - - - http://sox.sourceforge.net/ - - -

    If you do (or think that you should) have SoX, double-check your
    path variables.
    
Setting `pad_token_id` to `eos_token_id`:2150 for open-end generation."
,3.1369,eager,True,46.4515,pytorch_cpu,1,default,10,2.2318,0.0,,True,float32,qwen3_tts_custom_voice_0.6b,0.0084,48.6927,Official API returns only after full token generation and decode.,,49.7217,,True,15.52,,No Qwen GPU backend active in this CPU worker.,,True,1,15.52,True,eager,1.0366,243,True,434.5,5729652736,3.1369,normal,1,3.1369,24000,,1784034463.6372085,complete,48.6843,210,0.0,4,0.0009,2.11.0+cpu,49.7301,2,0.0,0,"D:\StoryDriver\tts_engines\qwen3_tts\venv\Lib\site-packages\transformers\utils\hub.py:110: FutureWarning: Using `TRANSFORMERS_CACHE` is deprecated and will be removed in v5 of Transformers. Use `HF_HOME` instead.
  warnings.warn(
'sox' is not recognized as an internal or external command,
operable program or batch file.
SoX could not be found!

    If you do not have SoX, proceed here:
     - - - http://sox.sourceforge.net/ - - -

    If you do (or think that you should) have SoX, double-check your
    path variables.
    
Setting `pad_token_id` to `eos_token_id`:2150 for open-end generation."
,3.189,eager,True,49.1833,pytorch_cpu,1,default,10,2.0945,0.0,,True,float32,qwen3_tts_custom_voice_0.6b,0.0089,51.2878,Official API returns only after full token generation and decode.,,52.239,,True,16.08,,No Qwen GPU backend active in this CPU worker.,,True,2,16.08,True,eager,0.9593,256,True,434.5,5825662976,3.189,normal,1,3.189,24000,,1784034517.353422,complete,51.2789,210,0.0,4,0.0009,2.11.0+cpu,52.2479,1,0.0,0,"D:\StoryDriver\tts_engines\qwen3_tts\venv\Lib\site-packages\transformers\utils\hub.py:110: FutureWarning: Using `TRANSFORMERS_CACHE` is deprecated and will be removed in v5 of Transformers. Use `HF_HOME` instead.
  warnings.warn(
'sox' is not recognized as an internal or external command,
operable program or batch file.
SoX could not be found!

    If you do not have SoX, proceed here:
     - - - http://sox.sourceforge.net/ - - -

    If you do (or think that you should) have SoX, double-check your
    path variables.
    
Setting `pad_token_id` to `eos_token_id`:2150 for open-end generation."
,3.1595,eager,True,46.9646,pytorch_cpu,1,default,10,2.0694,0.0,,True,float32,qwen3_tts_custom_voice_0.6b,0.0117,49.0469,Official API returns only after full token generation and decode.,,49.9855,,True,15.52,,No Qwen GPU backend active in this CPU worker.,,True,2,15.52,True,eager,0.9496,245,True,434.5,5729075200,3.1595,normal,1,3.1595,24000,,1784034573.5762503,complete,49.0352,210,0.0,4,0.0009,2.11.0+cpu,49.9972,2,0.0,0,"D:\StoryDriver\tts_engines\qwen3_tts\venv\Lib\site-packages\transformers\utils\hub.py:110: FutureWarning: Using `TRANSFORMERS_CACHE` is deprecated and will be removed in v5 of Transformers. Use `HF_HOME` instead.
  warnings.warn(
'sox' is not recognized as an internal or external command,
operable program or batch file.
SoX could not be found!

    If you do not have SoX, proceed here:
     - - - http://sox.sourceforge.net/ - - -

    If you do (or think that you should) have SoX, double-check your
    path variables.
    
Setting `pad_token_id` to `eos_token_id`:2150 for open-end generation."
,3.0957,eager,True,47.6733,pytorch_cpu,1,default,10,2.1048,0.0,,True,float32,qwen3_tts_custom_voice_0.6b,0.0123,49.7915,Official API returns only after full token generation and decode.,,50.7147,,True,16.08,,No Qwen GPU backend active in this CPU worker.,,True,4,16.08,True,eager,0.9348,248,True,434.5,5779447808,3.0957,normal,1,3.0957,24000,,1784034627.5398126,complete,49.7791,210,0.0,4,0.0009,2.11.0+cpu,50.7271,1,0.0,0,"D:\StoryDriver\tts_engines\qwen3_tts\venv\Lib\site-packages\transformers\utils\hub.py:110: FutureWarning: Using `TRANSFORMERS_CACHE` is deprecated and will be removed in v5 of Transformers. Use `HF_HOME` instead.
  warnings.warn(
'sox' is not recognized as an internal or external command,
operable program or batch file.
SoX could not be found!

    If you do not have SoX, proceed here:
     - - - http://sox.sourceforge.net/ - - -

    If you do (or think that you should) have SoX, double-check your
    path variables.
    
Setting `pad_token_id` to `eos_token_id`:2150 for open-end generation."
,3.1224,eager,True,46.3477,pytorch_cpu,1,default,10,2.1111,0.0,,True,float32,qwen3_tts_custom_voice_0.6b,0.0078,48.4677,Official API returns only after full token generation and decode.,,49.3977,,True,15.52,,No Qwen GPU backend active in this CPU worker.,,True,4,15.52,True,eager,0.937,242,True,434.5,5728849920,3.1224,normal,1,3.1224,24000,,1784034682.1832042,complete,48.46,210,0.0,4,0.0009,2.11.0+cpu,49.4055,2,0.0,0,"D:\StoryDriver\tts_engines\qwen3_tts\venv\Lib\site-packages\transformers\utils\hub.py:110: FutureWarning: Using `TRANSFORMERS_CACHE` is deprecated and will be removed in v5 of Transformers. Use `HF_HOME` instead.
  warnings.warn(
'sox' is not recognized as an internal or external command,
operable program or batch file.
SoX could not be found!

    If you do not have SoX, proceed here:
     - - - http://sox.sourceforge.net/ - - -

    If you do (or think that you should) have SoX, double-check your
    path variables.
    
Setting `pad_token_id` to `eos_token_id`:2150 for open-end generation."
,3.2809,eager,True,50.879,pytorch_cpu,1,default,10,1.8764,0.0,,True,float32,qwen3_tts_custom_voice_0.6b,0.0114,52.768,Official API returns only after full token generation and decode.,,53.6843,,True,16.08,,No Qwen GPU backend active in this CPU worker.,,True,1,16.08,True,eager,0.927,263,True,651.7,5843144704,3.2809,normal,1,3.2809,24000,,1784034735.5082576,complete,52.7565,210,0.0,6,0.0009,2.11.0+cpu,53.6957,1,0.0,0,"D:\StoryDriver\tts_engines\qwen3_tts\venv\Lib\site-packages\transformers\utils\hub.py:110: FutureWarning: Using `TRANSFORMERS_CACHE` is deprecated and will be removed in v5 of Transformers. Use `HF_HOME` instead.
  warnings.warn(
'sox' is not recognized as an internal or external command,
operable program or batch file.
SoX could not be found!

    If you do not have SoX, proceed here:
     - - - http://sox.sourceforge.net/ - - -

    If you do (or think that you should) have SoX, double-check your
    path variables.
    
Setting `pad_token_id` to `eos_token_id`:2150 for open-end generation."
,3.2687,eager,True,48.8141,pytorch_cpu,1,default,10,1.9146,0.0,,True,float32,qwen3_tts_custom_voice_0.6b,0.0077,50.7376,Official API returns only after full token generation and decode.,,51.6593,,True,15.52,,No Qwen GPU backend active in this CPU worker.,,True,1,15.52,True,eager,0.9286,253,True,651.7,5785772032,3.2687,normal,1,3.2687,24000,,1784034793.334621,complete,50.73,210,0.0,6,0.001,2.11.0+cpu,51.667,2,0.0,0,"D:\StoryDriver\tts_engines\qwen3_tts\venv\Lib\site-packages\transformers\utils\hub.py:110: FutureWarning: Using `TRANSFORMERS_CACHE` is deprecated and will be removed in v5 of Transformers. Use `HF_HOME` instead.
  warnings.warn(
'sox' is not recognized as an internal or external command,
operable program or batch file.
SoX could not be found!

    If you do not have SoX, proceed here:
     - - - http://sox.sourceforge.net/ - - -

    If you do (or think that you should) have SoX, double-check your
    path variables.
    
Setting `pad_token_id` to `eos_token_id`:2150 for open-end generation."
,3.3153,eager,True,51.4215,pytorch_cpu,1,default,10,1.8882,0.0,,True,float32,qwen3_tts_custom_voice_0.6b,0.0119,53.3226,Official API returns only after full token generation and decode.,,54.318,,True,16.08,,No Qwen GPU backend active in this CPU worker.,,True,2,16.08,True,eager,1.0065,266,True,651.7,5917364224,3.3153,normal,1,3.3153,24000,,1784034849.024986,complete,53.3108,210,0.0,6,0.0009,2.11.0+cpu,54.3299,1,0.0,0,"D:\StoryDriver\tts_engines\qwen3_tts\venv\Lib\site-packages\transformers\utils\hub.py:110: FutureWarning: Using `TRANSFORMERS_CACHE` is deprecated and will be removed in v5 of Transformers. Use `HF_HOME` instead.
  warnings.warn(
'sox' is not recognized as an internal or external command,
operable program or batch file.
SoX could not be found!

    If you do not have SoX, proceed here:
     - - - http://sox.sourceforge.net/ - - -

    If you do (or think that you should) have SoX, double-check your
    path variables.
    
Setting `pad_token_id` to `eos_token_id`:2150 for open-end generation."
,3.2298,eager,True,48.2927,pytorch_cpu,1,default,10,1.8327,0.0,,True,float32,qwen3_tts_custom_voice_0.6b,0.0074,50.134,Official API returns only after full token generation and decode.,,51.0751,,True,15.52,,No Qwen GPU backend active in this CPU worker.,,True,2,15.52,True,eager,0.9478,250,True,651.7,5794918400,3.2298,normal,1,3.2298,24000,,1784034907.3257596,complete,50.1265,210,0.0,6,0.0009,2.11.0+cpu,51.0826,2,0.0,0,"D:\StoryDriver\tts_engines\qwen3_tts\venv\Lib\site-packages\transformers\utils\hub.py:110: FutureWarning: Using `TRANSFORMERS_CACHE` is deprecated and will be removed in v5 of Transformers. Use `HF_HOME` instead.
  warnings.warn(
'sox' is not recognized as an internal or external command,
operable program or batch file.
SoX could not be found!

    If you do not have SoX, proceed here:
     - - - http://sox.sourceforge.net/ - - -

    If you do (or think that you should) have SoX, double-check your
    path variables.
    
Setting `pad_token_id` to `eos_token_id`:2150 for open-end generation."
,3.2334,eager,True,50.0717,pytorch_cpu,1,default,10,1.9206,0.0,,True,float32,qwen3_tts_custom_voice_0.6b,0.0115,52.005,Official API returns only after full token generation and decode.,,52.9463,,True,16.08,,No Qwen GPU backend active in this CPU worker.,,True,4,16.08,True,eager,0.9521,259,True,651.7,5845905408,3.2334,normal,1,3.2334,24000,,1784034962.375264,complete,51.9934,210,0.0,6,0.0009,2.11.0+cpu,52.9578,1,0.0,0,"D:\StoryDriver\tts_engines\qwen3_tts\venv\Lib\site-packages\transformers\utils\hub.py:110: FutureWarning: Using `TRANSFORMERS_CACHE` is deprecated and will be removed in v5 of Transformers. Use `HF_HOME` instead.
  warnings.warn(
'sox' is not recognized as an internal or external command,
operable program or batch file.
SoX could not be found!

    If you do not have SoX, proceed here:
     - - - http://sox.sourceforge.net/ - - -

    If you do (or think that you should) have SoX, double-check your
    path variables.
    
Setting `pad_token_id` to `eos_token_id`:2150 for open-end generation."
all,3.201,eager,True,47.8352,pytorch_cpu,1,default,10,1.8435,0.0,,True,float32,qwen3_tts_custom_voice_0.6b,0.0075,49.6872,Official API returns only after full token generation and decode.,,50.5905,,True,15.52,,No Qwen GPU backend active in this CPU worker.,,True,4,15.52,True,eager,0.91,247,True,651.7,5792415744,3.201,normal,1,3.201,24000,,1784035019.3813467,complete,49.6797,210,0.0,6,0.0009,2.11.0+cpu,50.598,2,0.0,0,"D:\StoryDriver\tts_engines\qwen3_tts\venv\Lib\site-packages\transformers\utils\hub.py:110: FutureWarning: Using `TRANSFORMERS_CACHE` is deprecated and will be removed in v5 of Transformers. Use `HF_HOME` instead.
  warnings.warn(
'sox' is not recognized as an internal or external command,
operable program or batch file.
SoX could not be found!

    If you do not have SoX, proceed here:
     - - - http://sox.sourceforge.net/ - - -

    If you do (or think that you should) have SoX, double-check your
    path variables.
    
Setting `pad_token_id` to `eos_token_id`:2150 for open-end generation."
all,3.3763,eager,True,52.5029,pytorch_cpu,1,default,10,1.787,0.0,,True,float32,qwen3_tts_custom_voice_0.6b,0.0117,54.3028,Official API returns only after full token generation and decode.,,55.2919,,True,16.08,,No Qwen GPU backend active in this CPU worker.,,True,1,16.08,True,eager,0.9999,271,True,869.0,6058778624,3.3763,normal,1,3.3763,24000,,1784035073.878277,complete,54.2912,210,0.0,8,0.001,2.11.0+cpu,55.3036,1,0.0,0,"D:\StoryDriver\tts_engines\qwen3_tts\venv\Lib\site-packages\transformers\utils\hub.py:110: FutureWarning: Using `TRANSFORMERS_CACHE` is deprecated and will be removed in v5 of Transformers. Use `HF_HOME` instead.
  warnings.warn(
'sox' is not recognized as an internal or external command,
operable program or batch file.
SoX could not be found!

    If you do not have SoX, proceed here:
     - - - http://sox.sourceforge.net/ - - -

    If you do (or think that you should) have SoX, double-check your
    path variables.
    
Setting `pad_token_id` to `eos_token_id`:2150 for open-end generation."
all,3.4056,eager,True,50.4957,pytorch_cpu,1,default,10,2.3578,0.0,,True,float32,qwen3_tts_custom_voice_0.6b,0.0076,52.8623,Official API returns only after full token generation and decode.,,53.81,,True,15.52,,No Qwen GPU backend active in this CPU worker.,,True,1,15.52,True,eager,0.9541,263,True,869.0,5907021824,3.4056,normal,1,3.4056,24000,,1784035133.1961584,complete,52.8547,210,0.0,8,0.0011,2.11.0+cpu,53.8177,2,0.0,0,"D:\StoryDriver\tts_engines\qwen3_tts\venv\Lib\site-packages\transformers\utils\hub.py:110: FutureWarning: Using `TRANSFORMERS_CACHE` is deprecated and will be removed in v5 of Transformers. Use `HF_HOME` instead.
  warnings.warn(
'sox' is not recognized as an internal or external command,
operable program or batch file.
SoX could not be found!

    If you do not have SoX, proceed here:
     - - - http://sox.sourceforge.net/ - - -

    If you do (or think that you should) have SoX, double-check your
    path variables.
    
Setting `pad_token_id` to `eos_token_id`:2150 for open-end generation."
all,3.3156,eager,True,51.5092,pytorch_cpu,1,default,10,1.8037,0.0,,True,float32,qwen3_tts_custom_voice_0.6b,0.012,53.326,Official API returns only after full token generation and decode.,,54.2285,,True,16.08,,No Qwen GPU backend active in this CPU worker.,,True,2,16.08,True,eager,0.9137,265,True,869.0,5980057600,3.3156,normal,1,3.3156,24000,,1784035191.0040781,complete,53.3141,210,0.0,8,0.0009,2.11.0+cpu,54.2405,1,0.0,0,"D:\StoryDriver\tts_engines\qwen3_tts\venv\Lib\site-packages\transformers\utils\hub.py:110: FutureWarning: Using `TRANSFORMERS_CACHE` is deprecated and will be removed in v5 of Transformers. Use `HF_HOME` instead.
  warnings.warn(
'sox' is not recognized as an internal or external command,
operable program or batch file.
SoX could not be found!

    If you do not have SoX, proceed here:
     - - - http://sox.sourceforge.net/ - - -

    If you do (or think that you should) have SoX, double-check your
    path variables.
    
Setting `pad_token_id` to `eos_token_id`:2150 for open-end generation."
all,3.3896,eager,True,50.2068,pytorch_cpu,1,default,10,2.3988,0.0,,True,float32,qwen3_tts_custom_voice_0.6b,0.0082,52.6149,Official API returns only after full token generation and decode.,,53.5445,,True,15.52,,No Qwen GPU backend active in this CPU worker.,,True,2,15.52,True,eager,0.937,262,True,869.0,5906530304,3.3896,normal,1,3.3896,24000,,1784035249.3211577,complete,52.6067,210,0.0,8,0.0009,2.11.0+cpu,53.5527,2,0.0,0,"D:\StoryDriver\tts_engines\qwen3_tts\venv\Lib\site-packages\transformers\utils\hub.py:110: FutureWarning: Using `TRANSFORMERS_CACHE` is deprecated and will be removed in v5 of Transformers. Use `HF_HOME` instead.
  warnings.warn(
'sox' is not recognized as an internal or external command,
operable program or batch file.
SoX could not be found!

    If you do not have SoX, proceed here:
     - - - http://sox.sourceforge.net/ - - -

    If you do (or think that you should) have SoX, double-check your
    path variables.
    
Setting `pad_token_id` to `eos_token_id`:2150 for open-end generation."
all,3.3269,eager,True,51.7109,pytorch_cpu,1,default,10,1.7839,0.0,,True,float32,qwen3_tts_custom_voice_0.6b,0.0113,53.5072,Official API returns only after full token generation and decode.,,54.4243,,True,16.08,,No Qwen GPU backend active in this CPU worker.,,True,4,16.08,True,eager,0.9277,267,True,869.0,5991194624,3.3269,normal,1,3.3269,24000,,1784035306.8523152,complete,53.4958,210,0.0,8,0.0009,2.11.0+cpu,54.4356,1,0.0,0,"D:\StoryDriver\tts_engines\qwen3_tts\venv\Lib\site-packages\transformers\utils\hub.py:110: FutureWarning: Using `TRANSFORMERS_CACHE` is deprecated and will be removed in v5 of Transformers. Use `HF_HOME` instead.
  warnings.warn(
'sox' is not recognized as an internal or external command,
operable program or batch file.
SoX could not be found!

    If you do not have SoX, proceed here:
     - - - http://sox.sourceforge.net/ - - -

    If you do (or think that you should) have SoX, double-check your
    path variables.
    
Setting `pad_token_id` to `eos_token_id`:2150 for open-end generation."
all,3.4429,eager,True,51.0379,pytorch_cpu,1,default,10,2.3951,0.0,,True,float32,qwen3_tts_custom_voice_0.6b,0.0114,53.4456,Official API returns only after full token generation and decode.,,54.3905,,True,15.52,,No Qwen GPU backend active in this CPU worker.,,True,4,15.52,True,eager,0.9555,266,True,869.0,5900840960,3.4429,normal,1,3.4429,24000,,1784035365.2863479,complete,53.4342,210,0.0,8,0.0009,2.11.0+cpu,54.4019,2,0.0,0,"D:\StoryDriver\tts_engines\qwen3_tts\venv\Lib\site-packages\transformers\utils\hub.py:110: FutureWarning: Using `TRANSFORMERS_CACHE` is deprecated and will be removed in v5 of Transformers. Use `HF_HOME` instead.
  warnings.warn(
'sox' is not recognized as an internal or external command,
operable program or batch file.
SoX could not be found!

    If you do not have SoX, proceed here:
     - - - http://sox.sourceforge.net/ - - -

    If you do (or think that you should) have SoX, double-check your
    path variables.
    
Setting `pad_token_id` to `eos_token_id`:2150 for open-end generation."
all,3.4958,eager,True,54.4909,pytorch_cpu,1,default,10,1.7213,0.0,,True,float32,qwen3_tts_custom_voice_0.6b,0.0087,56.2219,Official API returns only after full token generation and decode.,,57.1877,,True,16.08,,No Qwen GPU backend active in this CPU worker.,,True,1,16.08,True,eager,0.9737,280,True,1086.2,6014382080,3.4958,normal,1,3.4958,24000,,1784035423.672233,complete,56.2132,210,0.0,10,0.0009,2.11.0+cpu,57.1964,1,0.0,0,"D:\StoryDriver\tts_engines\qwen3_tts\venv\Lib\site-packages\transformers\utils\hub.py:110: FutureWarning: Using `TRANSFORMERS_CACHE` is deprecated and will be removed in v5 of Transformers. Use `HF_HOME` instead.
  warnings.warn(
'sox' is not recognized as an internal or external command,
operable program or batch file.
SoX could not be found!

    If you do not have SoX, proceed here:
     - - - http://sox.sourceforge.net/ - - -

    If you do (or think that you should) have SoX, double-check your
    path variables.
    
Setting `pad_token_id` to `eos_token_id`:2150 for open-end generation."
all,3.5657,eager,True,53.3811,pytorch_cpu,1,default,10,1.9571,0.0,,True,float32,qwen3_tts_custom_voice_0.6b,0.0086,55.348,Official API returns only after full token generation and decode.,,56.3196,,True,15.52,,No Qwen GPU backend active in this CPU worker.,,True,1,15.52,True,eager,0.9794,276,True,1086.2,5962493952,3.5657,normal,1,3.5657,24000,,1784035484.9471726,complete,55.3394,210,0.0,10,0.001,2.11.0+cpu,56.3282,2,0.0,0,"D:\StoryDriver\tts_engines\qwen3_tts\venv\Lib\site-packages\transformers\utils\hub.py:110: FutureWarning: Using `TRANSFORMERS_CACHE` is deprecated and will be removed in v5 of Transformers. Use `HF_HOME` instead.
  warnings.warn(
'sox' is not recognized as an internal or external command,
operable program or batch file.
SoX could not be found!

    If you do not have SoX, proceed here:
     - - - http://sox.sourceforge.net/ - - -

    If you do (or think that you should) have SoX, double-check your
    path variables.
    
Setting `pad_token_id` to `eos_token_id`:2150 for open-end generation."
all,3.4761,eager,True,54.2166,pytorch_cpu,1,default,10,1.6784,0.0,,True,float32,qwen3_tts_custom_voice_0.6b,0.0118,55.9079,Official API returns only after full token generation and decode.,,56.8637,,True,16.08,,No Qwen GPU backend active in this CPU worker.,,True,2,16.08,True,eager,0.9668,279,True,1085.3,6080643072,3.4761,normal,1,3.4761,24000,,1784035545.2979846,complete,55.8961,210,0.0,10,0.0009,2.11.0+cpu,56.8755,1,0.0,0,"D:\StoryDriver\tts_engines\qwen3_tts\venv\Lib\site-packages\transformers\utils\hub.py:110: FutureWarning: Using `TRANSFORMERS_CACHE` is deprecated and will be removed in v5 of Transformers. Use `HF_HOME` instead.
  warnings.warn(
'sox' is not recognized as an internal or external command,
operable program or batch file.
SoX could not be found!

    If you do not have SoX, proceed here:
     - - - http://sox.sourceforge.net/ - - -

    If you do (or think that you should) have SoX, double-check your
    path variables.
    
Setting `pad_token_id` to `eos_token_id`:2150 for open-end generation."
all,3.552,eager,True,53.1649,pytorch_cpu,1,default,10,1.9614,0.0,,True,float32,qwen3_tts_custom_voice_0.6b,0.0119,55.1392,Official API returns only after full token generation and decode.,,56.0705,,True,15.52,,No Qwen GPU backend active in this CPU worker.,,True,2,15.52,True,eager,0.9424,275,True,1086.2,5982797824,3.552,normal,1,3.552,24000,,1784035606.1154706,complete,55.1273,210,0.0,10,0.0009,2.11.0+cpu,56.0823,2,0.0,0,"D:\StoryDriver\tts_engines\qwen3_tts\venv\Lib\site-packages\transformers\utils\hub.py:110: FutureWarning: Using `TRANSFORMERS_CACHE` is deprecated and will be removed in v5 of Transformers. Use `HF_HOME` instead.
  warnings.warn(
'sox' is not recognized as an internal or external command,
operable program or batch file.
SoX could not be found!

    If you do not have SoX, proceed here:
     - - - http://sox.sourceforge.net/ - - -

    If you do (or think that you should) have SoX, double-check your
    path variables.
    
Setting `pad_token_id` to `eos_token_id`:2150 for open-end generation."
all,3.5056,eager,True,54.6934,pytorch_cpu,1,default,10,1.6755,0.0,,True,float32,qwen3_tts_custom_voice_0.6b,0.0081,56.3782,Official API returns only after full token generation and decode.,,57.3153,,True,16.08,,No Qwen GPU backend active in this CPU worker.,,True,4,16.08,True,eager,0.9444,280,True,1080.5,6012473344,3.5056,normal,1,3.5056,24000,,1784035666.2134016,complete,56.3701,210,0.0,10,0.001,2.11.0+cpu,57.3234,1,0.0,0,"D:\StoryDriver\tts_engines\qwen3_tts\venv\Lib\site-packages\transformers\utils\hub.py:110: FutureWarning: Using `TRANSFORMERS_CACHE` is deprecated and will be removed in v5 of Transformers. Use `HF_HOME` instead.
  warnings.warn(
'sox' is not recognized as an internal or external command,
operable program or batch file.
SoX could not be found!

    If you do not have SoX, proceed here:
     - - - http://sox.sourceforge.net/ - - -

    If you do (or think that you should) have SoX, double-check your
    path variables.
    
Setting `pad_token_id` to `eos_token_id`:2150 for open-end generation."
all,3.4612,eager,True,51.7908,pytorch_cpu,1,default,10,1.9266,0.0,,True,float32,qwen3_tts_custom_voice_0.6b,0.0118,53.7304,Official API returns only after full token generation and decode.,,54.6794,,True,15.52,,No Qwen GPU backend active in this CPU worker.,,True,4,15.52,True,eager,0.96,268,True,1086.2,5960208384,3.4612,normal,1,3.4612,24000,,1784035727.538231,complete,53.7186,210,0.0,10,0.0009,2.11.0+cpu,54.6912,2,0.0,0,"D:\StoryDriver\tts_engines\qwen3_tts\venv\Lib\site-packages\transformers\utils\hub.py:110: FutureWarning: Using `TRANSFORMERS_CACHE` is deprecated and will be removed in v5 of Transformers. Use `HF_HOME` instead.
  warnings.warn(
'sox' is not recognized as an internal or external command,
operable program or batch file.
SoX could not be found!

    If you do not have SoX, proceed here:
     - - - http://sox.sourceforge.net/ - - -

    If you do (or think that you should) have SoX, double-check your
    path variables.
    
Setting `pad_token_id` to `eos_token_id`:2150 for open-end generation."
all,3.6686,eager,True,57.3254,pytorch_cpu,1,default,10,1.6641,0.0,,True,float32,qwen3_tts_custom_voice_0.6b,0.0085,58.9992,Official API returns only after full token generation and decode.,,59.9893,,True,16.08,,No Qwen GPU backend active in this CPU worker.,,True,1,16.08,True,eager,0.9979,294,True,1295.1,6025592832,3.6686,normal,1,3.6686,24000,,1784035786.199379,complete,58.9907,210,0.0,12,0.0009,2.11.0+cpu,59.9978,1,0.0,0,"D:\StoryDriver\tts_engines\qwen3_tts\venv\Lib\site-packages\transformers\utils\hub.py:110: FutureWarning: Using `TRANSFORMERS_CACHE` is deprecated and will be removed in v5 of Transformers. Use `HF_HOME` instead.
  warnings.warn(
'sox' is not recognized as an internal or external command,
operable program or batch file.
SoX could not be found!

    If you do not have SoX, proceed here:
     - - - http://sox.sourceforge.net/ - - -

    If you do (or think that you should) have SoX, double-check your
    path variables.
    
Setting `pad_token_id` to `eos_token_id`:2150 for open-end generation."
all,3.8138,eager,True,57.1301,pytorch_cpu,1,default,10,2.0587,0.0,,True,float32,qwen3_tts_custom_voice_0.6b,0.0085,59.1983,Official API returns only after full token generation and decode.,,60.1983,,True,15.52,,No Qwen GPU backend active in this CPU worker.,,True,1,15.52,True,eager,1.0077,294,True,1295.1,5975273472,3.8138,normal,1,3.8138,24000,,1784035850.2009356,complete,59.1898,210,0.0,12,0.0009,2.11.0+cpu,60.2068,2,0.0,0,"D:\StoryDriver\tts_engines\qwen3_tts\venv\Lib\site-packages\transformers\utils\hub.py:110: FutureWarning: Using `TRANSFORMERS_CACHE` is deprecated and will be removed in v5 of Transformers. Use `HF_HOME` instead.
  warnings.warn(
'sox' is not recognized as an internal or external command,
operable program or batch file.
SoX could not be found!

    If you do not have SoX, proceed here:
     - - - http://sox.sourceforge.net/ - - -

    If you do (or think that you should) have SoX, double-check your
    path variables.
    
Setting `pad_token_id` to `eos_token_id`:2150 for open-end generation."
all,3.7225,eager,True,58.1678,pytorch_cpu,1,default,10,1.6887,0.0,,True,float32,qwen3_tts_custom_voice_0.6b,0.0123,59.8699,Official API returns only after full token generation and decode.,,60.9244,,True,16.08,,No Qwen GPU backend active in this CPU worker.,,True,2,16.08,True,eager,1.066,298,True,1295.1,6026178560,3.7225,normal,1,3.7225,24000,,1784035914.6246057,complete,59.8576,210,0.0,12,0.0009,2.11.0+cpu,60.9367,1,0.0,0,"D:\StoryDriver\tts_engines\qwen3_tts\venv\Lib\site-packages\transformers\utils\hub.py:110: FutureWarning: Using `TRANSFORMERS_CACHE` is deprecated and will be removed in v5 of Transformers. Use `HF_HOME` instead.
  warnings.warn(
'sox' is not recognized as an internal or external command,
operable program or batch file.
SoX could not be found!

    If you do not have SoX, proceed here:
     - - - http://sox.sourceforge.net/ - - -

    If you do (or think that you should) have SoX, double-check your
    path variables.
    
Setting `pad_token_id` to `eos_token_id`:2150 for open-end generation."
all,3.7636,eager,True,56.4088,pytorch_cpu,1,default,10,2.0014,0.0,,True,float32,qwen3_tts_custom_voice_0.6b,0.0121,58.4235,Official API returns only after full token generation and decode.,,59.4244,,True,15.52,,No Qwen GPU backend active in this CPU worker.,,True,2,15.52,True,eager,1.0123,291,True,1295.1,5970792448,3.7636,normal,1,3.7636,24000,,1784035979.7384202,complete,58.4113,210,0.0,12,0.0009,2.11.0+cpu,59.4366,2,0.0,0,"D:\StoryDriver\tts_engines\qwen3_tts\venv\Lib\site-packages\transformers\utils\hub.py:110: FutureWarning: Using `TRANSFORMERS_CACHE` is deprecated and will be removed in v5 of Transformers. Use `HF_HOME` instead.
  warnings.warn(
'sox' is not recognized as an internal or external command,
operable program or batch file.
SoX could not be found!

    If you do not have SoX, proceed here:
     - - - http://sox.sourceforge.net/ - - -

    If you do (or think that you should) have SoX, double-check your
    path variables.
    
Setting `pad_token_id` to `eos_token_id`:2150 for open-end generation."
all,3.7239,eager,True,58.2139,pytorch_cpu,1,default,10,1.6647,0.0,,True,float32,qwen3_tts_custom_voice_0.6b,0.0126,59.8922,Official API returns only after full token generation and decode.,,60.8856,,True,16.08,,No Qwen GPU backend active in this CPU worker.,,True,4,16.08,True,eager,1.0052,298,True,1288.2,6024392704,3.7239,normal,1,3.7239,24000,,1784036043.2433338,complete,59.8796,210,0.0,12,0.0008,2.11.0+cpu,60.8982,1,0.0,0,"D:\StoryDriver\tts_engines\qwen3_tts\venv\Lib\site-packages\transformers\utils\hub.py:110: FutureWarning: Using `TRANSFORMERS_CACHE` is deprecated and will be removed in v5 of Transformers. Use `HF_HOME` instead.
  warnings.warn(
'sox' is not recognized as an internal or external command,
operable program or batch file.
SoX could not be found!

    If you do not have SoX, proceed here:
     - - - http://sox.sourceforge.net/ - - -

    If you do (or think that you should) have SoX, double-check your
    path variables.
    
Setting `pad_token_id` to `eos_token_id`:2150 for open-end generation."
all,3.7989,eager,True,56.9554,pytorch_cpu,1,default,10,2.0029,0.0,,True,float32,qwen3_tts_custom_voice_0.6b,0.0123,58.9719,Official API returns only after full token generation and decode.,,59.9603,,True,15.52,,No Qwen GPU backend active in this CPU worker.,,True,4,15.52,True,eager,0.9999,294,True,1295.1,5973393408,3.7989,normal,1,3.7989,24000,,1784036108.316326,complete,58.9596,210,0.0,12,0.001,2.11.0+cpu,59.9726,2,0.0,0,"D:\StoryDriver\tts_engines\qwen3_tts\venv\Lib\site-packages\transformers\utils\hub.py:110: FutureWarning: Using `TRANSFORMERS_CACHE` is deprecated and will be removed in v5 of Transformers. Use `HF_HOME` instead.
  warnings.warn(
'sox' is not recognized as an internal or external command,
operable program or batch file.
SoX could not be found!

    If you do not have SoX, proceed here:
     - - - http://sox.sourceforge.net/ - - -

    If you do (or think that you should) have SoX, double-check your
    path variables.
    
Setting `pad_token_id` to `eos_token_id`:2150 for open-end generation."
all,3.8574,eager,True,60.1429,pytorch_cpu,1,default,10,1.8824,0.0,,True,float32,qwen3_tts_custom_voice_0.6b,0.0121,62.0386,Official API returns only after full token generation and decode.,,63.1205,,True,16.08,,No Qwen GPU backend active in this CPU worker.,,True,1,16.08,True,eager,1.0932,308,True,1545.8,5782233088,3.8574,normal,1,3.8574,24000,,1784036172.4249184,complete,62.0265,210,0.0,16,0.001,2.11.0+cpu,63.1326,1,0.0,0,"D:\StoryDriver\tts_engines\qwen3_tts\venv\Lib\site-packages\transformers\utils\hub.py:110: FutureWarning: Using `TRANSFORMERS_CACHE` is deprecated and will be removed in v5 of Transformers. Use `HF_HOME` instead.
  warnings.warn(
'sox' is not recognized as an internal or external command,
operable program or batch file.
SoX could not be found!

    If you do not have SoX, proceed here:
     - - - http://sox.sourceforge.net/ - - -

    If you do (or think that you should) have SoX, double-check your
    path variables.
    
Setting `pad_token_id` to `eos_token_id`:2150 for open-end generation."
all,3.8815,eager,True,57.6414,pytorch_cpu,1,default,10,2.5992,0.0,,True,float32,qwen3_tts_custom_voice_0.6b,0.0121,60.2536,Official API returns only after full token generation and decode.,,61.2977,,True,15.52,,No Qwen GPU backend active in this CPU worker.,,True,1,15.52,True,eager,1.0553,300,True,1537.4,6006554624,3.8815,normal,1,3.8815,24000,,1784036239.6720383,complete,60.2416,210,0.0,16,0.0008,2.11.0+cpu,61.3097,2,0.0,0,"D:\StoryDriver\tts_engines\qwen3_tts\venv\Lib\site-packages\transformers\utils\hub.py:110: FutureWarning: Using `TRANSFORMERS_CACHE` is deprecated and will be removed in v5 of Transformers. Use `HF_HOME` instead.
  warnings.warn(
'sox' is not recognized as an internal or external command,
operable program or batch file.
SoX could not be found!

    If you do not have SoX, proceed here:
     - - - http://sox.sourceforge.net/ - - -

    If you do (or think that you should) have SoX, double-check your
    path variables.
    
Setting `pad_token_id` to `eos_token_id`:2150 for open-end generation."
all,3.834,eager,True,59.7813,pytorch_cpu,1,default,10,1.8683,0.0,,True,float32,qwen3_tts_custom_voice_0.6b,0.0125,61.6631,Official API returns only after full token generation and decode.,,62.6817,,True,16.08,,No Qwen GPU backend active in this CPU worker.,,True,2,16.08,True,eager,1.0303,307,True,1537.6,5774385152,3.834,normal,1,3.834,24000,,1784036305.1192129,complete,61.6506,210,0.0,16,0.0009,2.11.0+cpu,62.6941,1,0.0,0,"D:\StoryDriver\tts_engines\qwen3_tts\venv\Lib\site-packages\transformers\utils\hub.py:110: FutureWarning: Using `TRANSFORMERS_CACHE` is deprecated and will be removed in v5 of Transformers. Use `HF_HOME` instead.
  warnings.warn(
'sox' is not recognized as an internal or external command,
operable program or batch file.
SoX could not be found!

    If you do not have SoX, proceed here:
     - - - http://sox.sourceforge.net/ - - -

    If you do (or think that you should) have SoX, double-check your
    path variables.
    
Setting `pad_token_id` to `eos_token_id`:2150 for open-end generation."
all,3.7503,eager,True,55.7171,pytorch_cpu,1,default,10,2.4871,0.0,,True,float32,qwen3_tts_custom_voice_0.6b,0.0125,58.2178,Official API returns only after full token generation and decode.,,59.22,,True,15.52,,No Qwen GPU backend active in this CPU worker.,,True,2,15.52,True,eager,1.0139,290,True,1562.5,6066651136,3.7503,normal,1,3.7503,24000,,1784036371.8320186,complete,58.2053,210,0.0,16,0.0009,2.11.0+cpu,59.2325,2,0.0,0,"D:\StoryDriver\tts_engines\qwen3_tts\venv\Lib\site-packages\transformers\utils\hub.py:110: FutureWarning: Using `TRANSFORMERS_CACHE` is deprecated and will be removed in v5 of Transformers. Use `HF_HOME` instead.
  warnings.warn(
'sox' is not recognized as an internal or external command,
operable program or batch file.
SoX could not be found!

    If you do not have SoX, proceed here:
     - - - http://sox.sourceforge.net/ - - -

    If you do (or think that you should) have SoX, double-check your
    path variables.
    
Setting `pad_token_id` to `eos_token_id`:2150 for open-end generation."
all,3.7428,eager,True,58.3198,pytorch_cpu,1,default,10,1.8639,0.0,,True,float32,qwen3_tts_custom_voice_0.6b,0.0086,60.1933,Official API returns only after full token generation and decode.,,61.198,,True,16.08,,No Qwen GPU backend active in this CPU worker.,,True,4,16.08,True,eager,1.0126,299,True,1545.9,5783474176,3.7428,normal,1,3.7428,24000,,1784036434.9936142,complete,60.1847,210,0.0,16,0.0009,2.11.0+cpu,61.2066,1,0.0,0,"D:\StoryDriver\tts_engines\qwen3_tts\venv\Lib\site-packages\transformers\utils\hub.py:110: FutureWarning: Using `TRANSFORMERS_CACHE` is deprecated and will be removed in v5 of Transformers. Use `HF_HOME` instead.
  warnings.warn(
'sox' is not recognized as an internal or external command,
operable program or batch file.
SoX could not be found!

    If you do not have SoX, proceed here:
     - - - http://sox.sourceforge.net/ - - -

    If you do (or think that you should) have SoX, double-check your
    path variables.
    
Setting `pad_token_id` to `eos_token_id`:2150 for open-end generation."
all,3.7471,eager,True,55.6392,pytorch_cpu,1,default,10,2.5152,0.0,,True,float32,qwen3_tts_custom_voice_0.6b,0.0083,58.1638,Official API returns only after full token generation and decode.,,59.1749,,True,15.52,,No Qwen GPU backend active in this CPU worker.,,True,4,15.52,True,eager,1.0187,289,True,1545.9,6009991168,3.7471,normal,1,3.7471,24000,,1784036500.2057052,complete,58.1554,210,0.0,16,0.0008,2.11.0+cpu,59.1833,2,0.0,0,"D:\StoryDriver\tts_engines\qwen3_tts\venv\Lib\site-packages\transformers\utils\hub.py:110: FutureWarning: Using `TRANSFORMERS_CACHE` is deprecated and will be removed in v5 of Transformers. Use `HF_HOME` instead.
  warnings.warn(
'sox' is not recognized as an internal or external command,
operable program or batch file.
SoX could not be found!

    If you do not have SoX, proceed here:
     - - - http://sox.sourceforge.net/ - - -

    If you do (or think that you should) have SoX, double-check your
    path variables.
    
Setting `pad_token_id` to `eos_token_id`:2150 for open-end generation."
